<beans xmlns="http://www.springframework.org/schema/beans"
	xmlns:xsi="http://www.w3.org/2001/XMLSchema-instance" xmlns:context="http://www.springframework.org/schema/context"
	xsi:schemaLocation="http://www.springframework.org/schema/beans
			classpath:org/springframework/beans/factory/xml/spring-beans-3.0.xsd 
			http://www.springframework.org/schema/context 
			classpath:org/springframework/beans/factory/xml/spring-context-3.0.xsd">

	<bean id="beanMapper" class="org.dozer.DozerBeanMapper">
		<property name="mappingFiles">
			<list>
				<value>spring/dozzer-support/object-mapper-configuration.xml</value>
			</list>
		</property>
		<property name="eventListeners">
			<list>
				<ref bean="eventListener" />
			</list>
		</property>
	</bean>

	<bean id="eventListener" class="com.equiniti.qa_report.objectmapper.DozzerEventListener" />

	<bean id="objectTranslatorAPI" class="com.equiniti.qa_report.objectmapper.ObjectTranslatorImpl">
		<property name="beanMapper" ref="beanMapper" />
	</bean>

</beans>